fn,img,err
e0024918_1352172.jpg,https://pds.exblog.jp/pds/1/200712/08/18/e0024918_1352172.jpg,
e0024918_125078.jpg,https://pds.exblog.jp/pds/1/200712/09/18/e0024918_125078.jpg,
e0024918_1214184.jpg,https://pds.exblog.jp/pds/1/200712/09/18/e0024918_1214184.jpg,
e0024918_12141820.jpg,https://pds.exblog.jp/pds/1/200712/09/18/e0024918_12141820.jpg,
e0024918_12141828.jpg,https://pds.exblog.jp/pds/1/200712/09/18/e0024918_12141828.jpg,
e0024918_12141871.jpg,https://pds.exblog.jp/pds/1/200712/09/18/e0024918_12141871.jpg,
e0024918_12141841.jpg,https://pds.exblog.jp/pds/1/200712/09/18/e0024918_12141841.jpg,
e0024918_1254946.jpg,https://pds.exblog.jp/pds/1/200712/09/18/e0024918_1254946.jpg,
e0024918_15173637.jpg,https://pds.exblog.jp/pds/1/200712/09/18/e0024918_15173637.jpg,
e0024918_19224269.jpg,https://pds.exblog.jp/pds/1/200712/09/18/e0024918_19224269.jpg,
e0024918_1259658.jpg,https://pds.exblog.jp/pds/1/200712/10/18/e0024918_1259658.jpg,
e0024918_22364528.jpg,https://pds.exblog.jp/pds/1/200712/10/18/e0024918_22364528.jpg,
e0024918_22364581.jpg,https://pds.exblog.jp/pds/1/200712/10/18/e0024918_22364581.jpg,
e0024918_22364524.jpg,https://pds.exblog.jp/pds/1/200712/10/18/e0024918_22364524.jpg,
e0024918_22364536.jpg,https://pds.exblog.jp/pds/1/200712/10/18/e0024918_22364536.jpg,
e0024918_2236451.jpg,https://pds.exblog.jp/pds/1/200712/10/18/e0024918_2236451.jpg,
e0024918_23224940.jpg,https://pds.exblog.jp/pds/1/200712/10/18/e0024918_23224940.jpg,
e0024918_23442876.jpg,https://pds.exblog.jp/pds/1/200712/10/18/e0024918_23442876.jpg,
5774.jpg,http://www.fujisan.co.jp/images/products/5774.jpg,
e0024918_9503013.jpg,https://pds.exblog.jp/pds/1/200712/11/18/e0024918_9503013.jpg,
e0024918_12264036.jpg,https://pds.exblog.jp/pds/1/200712/11/18/e0024918_12264036.jpg,
e0024918_13431419.gif,https://pds.exblog.jp/pds/1/200712/11/18/e0024918_13431419.gif,
e0024918_12512293.jpg,https://pds.exblog.jp/pds/1/200712/12/18/e0024918_12512293.jpg,
e0024918_12512241.jpg,https://pds.exblog.jp/pds/1/200712/12/18/e0024918_12512241.jpg,
e0024918_2152138.jpg,https://pds.exblog.jp/pds/1/200712/12/18/e0024918_2152138.jpg,
e0024918_0272622.jpg,https://pds.exblog.jp/pds/1/200712/13/18/e0024918_0272622.jpg,
e0024918_0272645.jpg,https://pds.exblog.jp/pds/1/200712/13/18/e0024918_0272645.jpg,
e0024918_1231645.jpg,https://pds.exblog.jp/pds/1/200712/13/18/e0024918_1231645.jpg,
e0024918_1113094.jpg,https://pds.exblog.jp/pds/1/200712/14/18/e0024918_1113094.jpg,
e0024918_118941.jpg,https://pds.exblog.jp/pds/1/200712/14/18/e0024918_118941.jpg,
e0024918_11153333.jpg,https://pds.exblog.jp/pds/1/200712/14/18/e0024918_11153333.jpg,
e0024918_1126985.jpg,https://pds.exblog.jp/pds/1/200712/14/18/e0024918_1126985.jpg,
e0024918_1126987.jpg,https://pds.exblog.jp/pds/1/200712/14/18/e0024918_1126987.jpg,
e0024918_11364430.jpg,https://pds.exblog.jp/pds/1/200712/14/18/e0024918_11364430.jpg,
e0024918_1144389.jpg,https://pds.exblog.jp/pds/1/200712/14/18/e0024918_1144389.jpg,
e0024918_1152211.jpg,https://pds.exblog.jp/pds/1/200712/14/18/e0024918_1152211.jpg,
e0024918_1295910.jpg,https://pds.exblog.jp/pds/1/200712/14/18/e0024918_1295910.jpg,
e0024918_1212735.jpg,https://pds.exblog.jp/pds/1/200712/14/18/e0024918_1212735.jpg,
e0024918_12301629.jpg,https://pds.exblog.jp/pds/1/200712/14/18/e0024918_12301629.jpg,
e0024918_15114728.jpg,https://pds.exblog.jp/pds/1/200712/14/18/e0024918_15114728.jpg,
e0024918_15505381.jpg,https://pds.exblog.jp/pds/1/200712/14/18/e0024918_15505381.jpg,
e0024918_85248100.jpg,https://pds.exblog.jp/pds/1/200712/15/18/e0024918_85248100.jpg,
e0024918_19414654.jpg,https://pds.exblog.jp/pds/1/200712/15/18/e0024918_19414654.jpg,
ir?t=jigjp-22&l=ur2&o=9,http://www.assoc-amazon.jp/e/ir?t=jigjp-22&l=ur2&o=9,err
ir?t=jigjp-22&l=as2&o=9&a=406313248X,http://www.assoc-amazon.jp/e/ir?t=jigjp-22&l=as2&o=9&a=406313248X,err
e0024918_12294761.jpg,https://pds.exblog.jp/pds/1/200712/16/18/e0024918_12294761.jpg,
e0024918_1229479.jpg,https://pds.exblog.jp/pds/1/200712/16/18/e0024918_1229479.jpg,
e0024918_12294880.jpg,https://pds.exblog.jp/pds/1/200712/16/18/e0024918_12294880.jpg,
e0024918_13371189.jpg,https://pds.exblog.jp/pds/1/200712/16/18/e0024918_13371189.jpg,
e0024918_1354555.jpg,https://pds.exblog.jp/pds/1/200712/16/18/e0024918_1354555.jpg,
e0024918_15582456.jpg,https://pds.exblog.jp/pds/1/200712/16/18/e0024918_15582456.jpg,
e0024918_1643951.jpg,https://pds.exblog.jp/pds/1/200712/16/18/e0024918_1643951.jpg,
e0024918_1791079.jpg,https://pds.exblog.jp/pds/1/200712/16/18/e0024918_1791079.jpg,
e0024918_1791016.jpg,https://pds.exblog.jp/pds/1/200712/16/18/e0024918_1791016.jpg,
e0024918_1791051.jpg,https://pds.exblog.jp/pds/1/200712/16/18/e0024918_1791051.jpg,
5766.jpg,http://www.fujisan.co.jp/images/products/5766.jpg,
e0024918_22252918.jpg,https://pds.exblog.jp/pds/1/200712/17/18/e0024918_22252918.jpg,
e0024918_22252940.jpg,https://pds.exblog.jp/pds/1/200712/17/18/e0024918_22252940.jpg,
e0024918_23262176.jpg,https://pds.exblog.jp/pds/1/200712/19/18/e0024918_23262176.jpg,
e0024918_9265151.jpg,https://pds.exblog.jp/pds/1/200712/20/18/e0024918_9265151.jpg,
e0024918_673721.jpg,https://pds.exblog.jp/pds/1/200712/21/18/e0024918_673721.jpg,
e0024918_12295351.jpg,https://pds.exblog.jp/pds/1/200712/22/18/e0024918_12295351.jpg,
e0024918_12295367.jpg,https://pds.exblog.jp/pds/1/200712/22/18/e0024918_12295367.jpg,
e0024918_12314543.jpg,https://pds.exblog.jp/pds/1/200712/22/18/e0024918_12314543.jpg,
e0024918_12314589.jpg,https://pds.exblog.jp/pds/1/200712/22/18/e0024918_12314589.jpg,
e0024918_18191763.jpg,https://pds.exblog.jp/pds/1/200712/23/18/e0024918_18191763.jpg,
e0024918_18191712.jpg,https://pds.exblog.jp/pds/1/200712/23/18/e0024918_18191712.jpg,
e0024918_18191795.jpg,https://pds.exblog.jp/pds/1/200712/23/18/e0024918_18191795.jpg,
e0024918_18191729.jpg,https://pds.exblog.jp/pds/1/200712/23/18/e0024918_18191729.jpg,
e0024918_1125522.jpg,https://pds.exblog.jp/pds/1/200712/24/18/e0024918_1125522.jpg,
e0024918_1301897.jpg,https://pds.exblog.jp/pds/1/200712/24/18/e0024918_1301897.jpg,
e0024918_1302727.jpg,https://pds.exblog.jp/pds/1/200712/24/18/e0024918_1302727.jpg,
e0024918_15291269.jpg,https://pds.exblog.jp/pds/1/200712/24/18/e0024918_15291269.jpg,
e0024918_22562023.jpg,https://pds.exblog.jp/pds/1/200712/25/18/e0024918_22562023.jpg,
e0024918_22562022.jpg,https://pds.exblog.jp/pds/1/200712/25/18/e0024918_22562022.jpg,
e0024918_22562030.jpg,https://pds.exblog.jp/pds/1/200712/25/18/e0024918_22562030.jpg,
e0024918_22131095.jpg,https://pds.exblog.jp/pds/1/200712/26/18/e0024918_22131095.jpg,
e0024918_22155670.jpg,https://pds.exblog.jp/pds/1/200712/26/18/e0024918_22155670.jpg,
e0024918_2344385.jpg,https://pds.exblog.jp/pds/1/200712/27/18/e0024918_2344385.jpg,
e0024918_012631.jpg,https://pds.exblog.jp/pds/1/200712/28/18/e0024918_012631.jpg,
1281680178.jpg,http://www.fujisan.co.jp/images/products/1281680178.jpg,
e0024918_9513846.jpg,https://pds.exblog.jp/pds/1/200712/28/18/e0024918_9513846.jpg,
e0024918_9513878.jpg,https://pds.exblog.jp/pds/1/200712/28/18/e0024918_9513878.jpg,
e0024918_9563591.jpg,https://pds.exblog.jp/pds/1/200712/28/18/e0024918_9563591.jpg,
e0024918_1002020.jpg,https://pds.exblog.jp/pds/1/200712/28/18/e0024918_1002020.jpg,
e0024918_103176.jpg,https://pds.exblog.jp/pds/1/200712/28/18/e0024918_103176.jpg,
e0024918_12592569.jpg,https://pds.exblog.jp/pds/1/200712/28/18/e0024918_12592569.jpg,
e0024918_12592547.jpg,https://pds.exblog.jp/pds/1/200712/28/18/e0024918_12592547.jpg,
e0024918_1359647.jpg,https://pds.exblog.jp/pds/1/200712/28/18/e0024918_1359647.jpg,
e0024918_11474524.jpg,https://pds.exblog.jp/pds/1/200712/29/18/e0024918_11474524.jpg,
e0024918_115401.jpg,https://pds.exblog.jp/pds/1/200712/29/18/e0024918_115401.jpg,
e0024918_12325952.jpg,https://pds.exblog.jp/pds/1/200712/29/18/e0024918_12325952.jpg,
5774.jpg,http://www.fujisan.co.jp/images/products/5774.jpg,
e0024918_2129042.jpg,https://pds.exblog.jp/pds/1/200712/30/18/e0024918_2129042.jpg,
e0024918_21424985.jpg,https://pds.exblog.jp/pds/1/200712/30/18/e0024918_21424985.jpg,
e0024918_22242482.jpg,https://pds.exblog.jp/pds/1/200712/30/18/e0024918_22242482.jpg,
e0024918_22242451.jpg,https://pds.exblog.jp/pds/1/200712/30/18/e0024918_22242451.jpg,
e0024918_21245345.jpg,https://pds.exblog.jp/pds/1/200712/31/18/e0024918_21245345.jpg,
e0024918_2394754.gif,https://pds.exblog.jp/pds/1/200712/31/18/e0024918_2394754.gif,
e0024918_12135237.jpg,https://pds.exblog.jp/pds/1/200801/01/18/e0024918_12135237.jpg,
e0024918_12183674.jpg,https://pds.exblog.jp/pds/1/200801/01/18/e0024918_12183674.jpg,
e0024918_17541714.jpg,https://pds.exblog.jp/pds/1/200801/02/18/e0024918_17541714.jpg,
e0024918_18112515.jpg,https://pds.exblog.jp/pds/1/200801/03/18/e0024918_18112515.jpg,
e0024918_1827753.jpg,https://pds.exblog.jp/pds/1/200801/03/18/e0024918_1827753.jpg,
e0024918_1827724.jpg,https://pds.exblog.jp/pds/1/200801/03/18/e0024918_1827724.jpg,
e0024918_17442290.jpg,https://pds.exblog.jp/pds/1/200801/04/18/e0024918_17442290.jpg,
e0024918_14125518.jpg,https://pds.exblog.jp/pds/1/200801/05/18/e0024918_14125518.jpg,
e0024918_14442540.jpg,https://pds.exblog.jp/pds/1/200801/05/18/e0024918_14442540.jpg,
e0024918_173738.jpg,https://pds.exblog.jp/pds/1/200801/05/18/e0024918_173738.jpg,
e0024918_1715261.jpg,https://pds.exblog.jp/pds/1/200801/05/18/e0024918_1715261.jpg,
e0024918_1114631.gif,https://pds.exblog.jp/pds/1/200801/06/18/e0024918_1114631.gif,
e0024918_14205132.jpg,https://pds.exblog.jp/pds/1/200801/06/18/e0024918_14205132.jpg,
e0024918_14335674.jpg,https://pds.exblog.jp/pds/1/200801/06/18/e0024918_14335674.jpg,
e0024918_14335624.jpg,https://pds.exblog.jp/pds/1/200801/06/18/e0024918_14335624.jpg,
e0024918_14335649.jpg,https://pds.exblog.jp/pds/1/200801/06/18/e0024918_14335649.jpg,
e0024918_14412731.jpg,https://pds.exblog.jp/pds/1/200801/06/18/e0024918_14412731.jpg,
e0024918_18125215.jpg,https://pds.exblog.jp/pds/1/200801/06/18/e0024918_18125215.jpg,
e0024918_1812529.jpg,https://pds.exblog.jp/pds/1/200801/06/18/e0024918_1812529.jpg,
e0024918_18125297.jpg,https://pds.exblog.jp/pds/1/200801/06/18/e0024918_18125297.jpg,
e0024918_2151273.jpg,https://pds.exblog.jp/pds/1/200801/08/18/e0024918_2151273.jpg,
e0024918_2151329.jpg,https://pds.exblog.jp/pds/1/200801/08/18/e0024918_2151329.jpg,
e0024918_21594376.jpg,https://pds.exblog.jp/pds/1/200801/08/18/e0024918_21594376.jpg,
e0024918_21171521.jpg,https://pds.exblog.jp/pds/1/200801/11/18/e0024918_21171521.jpg,
e0024918_21171652.jpg,https://pds.exblog.jp/pds/1/200801/11/18/e0024918_21171652.jpg,
e0024918_2333286.jpg,https://pds.exblog.jp/pds/1/200801/12/18/e0024918_2333286.jpg,
e0024918_12341572.jpg,https://pds.exblog.jp/pds/1/200801/13/18/e0024918_12341572.jpg,
e0024918_12444098.jpg,https://pds.exblog.jp/pds/1/200801/13/18/e0024918_12444098.jpg,
e0024918_1841159.jpg,https://pds.exblog.jp/pds/1/200801/13/18/e0024918_1841159.jpg,
e0024918_12253613.jpg,https://pds.exblog.jp/pds/1/200801/14/18/e0024918_12253613.jpg,
e0024918_12302537.jpg,https://pds.exblog.jp/pds/1/200801/14/18/e0024918_12302537.jpg,
e0024918_15375769.jpg,https://pds.exblog.jp/pds/1/200801/14/18/e0024918_15375769.jpg,
e0024918_18405129.gif,https://pds.exblog.jp/pds/1/200801/14/18/e0024918_18405129.gif,
e0024918_1854587.jpg,https://pds.exblog.jp/pds/1/200801/14/18/e0024918_1854587.jpg,
e0024918_9244686.jpg,https://pds.exblog.jp/pds/1/200801/17/18/e0024918_9244686.jpg,
e0024918_2356264.jpg,https://pds.exblog.jp/pds/1/200801/17/18/e0024918_2356264.jpg,
e0024918_1654922.jpg,https://pds.exblog.jp/pds/1/200801/18/18/e0024918_1654922.jpg,
e0024918_2345136.jpg,https://pds.exblog.jp/pds/1/200801/19/18/e0024918_2345136.jpg,
e0024918_23451348.jpg,https://pds.exblog.jp/pds/1/200801/19/18/e0024918_23451348.jpg,
e0024918_23575426.jpg,https://pds.exblog.jp/pds/1/200801/19/18/e0024918_23575426.jpg,
e0024918_23575440.jpg,https://pds.exblog.jp/pds/1/200801/19/18/e0024918_23575440.jpg,
e0024918_23575454.jpg,https://pds.exblog.jp/pds/1/200801/19/18/e0024918_23575454.jpg,
e0024918_20631100.jpg,https://pds.exblog.jp/pds/1/200801/20/18/e0024918_20631100.jpg,
e0024918_2351735.jpg,https://pds.exblog.jp/pds/1/200801/21/18/e0024918_2351735.jpg,
e0024918_2351715.jpg,https://pds.exblog.jp/pds/1/200801/21/18/e0024918_2351715.jpg,
e0024918_1028659.jpg,https://pds.exblog.jp/pds/1/200801/25/18/e0024918_1028659.jpg,
e0024918_1028667.jpg,https://pds.exblog.jp/pds/1/200801/25/18/e0024918_1028667.jpg,
e0024918_842439.jpg,https://pds.exblog.jp/pds/1/200801/26/18/e0024918_842439.jpg,
e0024918_84247.jpg,https://pds.exblog.jp/pds/1/200801/26/18/e0024918_84247.jpg,
e0024918_8251632.jpg,https://pds.exblog.jp/pds/1/200801/26/18/e0024918_8251632.jpg,
e0024918_921025.jpg,https://pds.exblog.jp/pds/1/200801/26/18/e0024918_921025.jpg,
e0024918_921013.jpg,https://pds.exblog.jp/pds/1/200801/26/18/e0024918_921013.jpg,
e0024918_15294050.jpg,https://pds.exblog.jp/pds/1/200801/26/18/e0024918_15294050.jpg,
e0024918_15294049.jpg,https://pds.exblog.jp/pds/1/200801/26/18/e0024918_15294049.jpg,
e0024918_152940100.jpg,https://pds.exblog.jp/pds/1/200801/26/18/e0024918_152940100.jpg,
e0024918_12414375.jpg,https://pds.exblog.jp/pds/1/200801/27/18/e0024918_12414375.jpg,
e0024918_2112386.jpg,https://pds.exblog.jp/pds/1/200801/27/18/e0024918_2112386.jpg,
e0024918_21123852.jpg,https://pds.exblog.jp/pds/1/200801/27/18/e0024918_21123852.jpg,
e0024918_21285520.jpg,https://pds.exblog.jp/pds/1/200801/27/18/e0024918_21285520.jpg,
e0024918_2139251.jpg,https://pds.exblog.jp/pds/1/200801/27/18/e0024918_2139251.jpg,
e0024918_1352822.jpg,https://pds.exblog.jp/pds/1/200801/28/18/e0024918_1352822.jpg,
e0024918_22493874.jpg,https://pds.exblog.jp/pds/1/200801/28/18/e0024918_22493874.jpg,
e0024918_22493815.jpg,https://pds.exblog.jp/pds/1/200801/28/18/e0024918_22493815.jpg,
e0024918_2249389.jpg,https://pds.exblog.jp/pds/1/200801/28/18/e0024918_2249389.jpg,
e0024918_12393199.jpg,https://pds.exblog.jp/pds/1/200801/29/18/e0024918_12393199.jpg,
e0024918_12393154.jpg,https://pds.exblog.jp/pds/1/200801/29/18/e0024918_12393154.jpg,
e0024918_1325599.jpg,https://pds.exblog.jp/pds/1/200801/29/18/e0024918_1325599.jpg,
e0024918_13335380.jpg,https://pds.exblog.jp/pds/1/200801/29/18/e0024918_13335380.jpg,
e0024918_1333531.jpg,https://pds.exblog.jp/pds/1/200801/29/18/e0024918_1333531.jpg,
e0024918_13335329.jpg,https://pds.exblog.jp/pds/1/200801/29/18/e0024918_13335329.jpg,
e0024918_13402955.jpg,https://pds.exblog.jp/pds/1/200801/29/18/e0024918_13402955.jpg,
e0024918_1414728.jpg,https://pds.exblog.jp/pds/1/200801/29/18/e0024918_1414728.jpg,
e0024918_21351720.jpg,https://pds.exblog.jp/pds/1/200801/29/18/e0024918_21351720.jpg,
e0024918_9323432.gif,https://pds.exblog.jp/pds/1/200801/30/18/e0024918_9323432.gif,
e0024918_10393896.gif,https://pds.exblog.jp/pds/1/200801/30/18/e0024918_10393896.gif,
e0024918_12412885.jpg,https://pds.exblog.jp/pds/1/200801/30/18/e0024918_12412885.jpg,
e0024918_12412877.jpg,https://pds.exblog.jp/pds/1/200801/30/18/e0024918_12412877.jpg,
e0024918_1314077.jpg,https://pds.exblog.jp/pds/1/200801/30/18/e0024918_1314077.jpg,
e0024918_7561294.jpg,https://pds.exblog.jp/pds/1/200801/31/18/e0024918_7561294.jpg,
e0024918_7561287.jpg,https://pds.exblog.jp/pds/1/200801/31/18/e0024918_7561287.jpg,
e0024918_792891.jpg,https://pds.exblog.jp/pds/1/200802/01/18/e0024918_792891.jpg,
e0024918_79289.jpg,https://pds.exblog.jp/pds/1/200802/01/18/e0024918_79289.jpg,
e0024918_13305342.jpg,https://pds.exblog.jp/pds/1/200802/01/18/e0024918_13305342.jpg,
e0024918_15272254.jpg,https://pds.exblog.jp/pds/1/200802/02/18/e0024918_15272254.jpg,
e0024918_2313316.jpg,https://pds.exblog.jp/pds/1/200802/02/18/e0024918_2313316.jpg,
e0024918_231332.jpg,https://pds.exblog.jp/pds/1/200802/02/18/e0024918_231332.jpg,
e0024918_2313362.jpg,https://pds.exblog.jp/pds/1/200802/02/18/e0024918_2313362.jpg,
e0024918_8554711.jpg,https://pds.exblog.jp/pds/1/200802/03/18/e0024918_8554711.jpg,
e0024918_1114401.jpg,https://pds.exblog.jp/pds/1/200802/03/18/e0024918_1114401.jpg,
e0024918_11144053.jpg,https://pds.exblog.jp/pds/1/200802/03/18/e0024918_11144053.jpg,
e0024918_8594566.jpg,https://pds.exblog.jp/pds/1/200802/04/18/e0024918_8594566.jpg,
e0024918_20511174.jpg,https://pds.exblog.jp/pds/1/200802/04/18/e0024918_20511174.jpg,
e0024918_2325510.jpg,https://pds.exblog.jp/pds/1/200802/05/18/e0024918_2325510.jpg,
e0024918_2325534.jpg,https://pds.exblog.jp/pds/1/200802/05/18/e0024918_2325534.jpg,
e0024918_2325592.jpg,https://pds.exblog.jp/pds/1/200802/05/18/e0024918_2325592.jpg,
e0024918_1448377.jpg,https://pds.exblog.jp/pds/1/200802/07/18/e0024918_1448377.jpg,
e0024918_22371621.jpg,https://pds.exblog.jp/pds/1/200802/09/18/e0024918_22371621.jpg,
e0024918_18514131.jpg,https://pds.exblog.jp/pds/1/200802/11/18/e0024918_18514131.jpg,
e0024918_19223615.jpg,https://pds.exblog.jp/pds/1/200802/11/18/e0024918_19223615.jpg,
e0024918_19223799.jpg,https://pds.exblog.jp/pds/1/200802/11/18/e0024918_19223799.jpg,
e0024918_19223774.jpg,https://pds.exblog.jp/pds/1/200802/11/18/e0024918_19223774.jpg,
e0024918_19223787.jpg,https://pds.exblog.jp/pds/1/200802/11/18/e0024918_19223787.jpg,
e0024918_1945213.jpg,https://pds.exblog.jp/pds/1/200802/11/18/e0024918_1945213.jpg,
e0024918_1945214.jpg,https://pds.exblog.jp/pds/1/200802/11/18/e0024918_1945214.jpg,
e0024918_10293917.jpg,https://pds.exblog.jp/pds/1/200802/16/18/e0024918_10293917.jpg,
e0024918_1158409.jpg,https://pds.exblog.jp/pds/1/200802/16/18/e0024918_1158409.jpg,
e0024918_1213710.jpg,https://pds.exblog.jp/pds/1/200802/16/18/e0024918_1213710.jpg,
e0024918_1213764.jpg,https://pds.exblog.jp/pds/1/200802/16/18/e0024918_1213764.jpg,
e0024918_1213726.jpg,https://pds.exblog.jp/pds/1/200802/16/18/e0024918_1213726.jpg,
e0024918_1213716.jpg,https://pds.exblog.jp/pds/1/200802/16/18/e0024918_1213716.jpg,
e0024918_12152633.jpg,https://pds.exblog.jp/pds/1/200802/16/18/e0024918_12152633.jpg,
e0024918_12152653.jpg,https://pds.exblog.jp/pds/1/200802/16/18/e0024918_12152653.jpg,
e0024918_12152667.jpg,https://pds.exblog.jp/pds/1/200802/16/18/e0024918_12152667.jpg,
e0024918_1217183.jpg,https://pds.exblog.jp/pds/1/200802/16/18/e0024918_1217183.jpg,
e0024918_1221794.jpg,https://pds.exblog.jp/pds/1/200802/16/18/e0024918_1221794.jpg,
e0024918_122177.jpg,https://pds.exblog.jp/pds/1/200802/16/18/e0024918_122177.jpg,
e0024918_12494287.jpg,https://pds.exblog.jp/pds/1/200802/16/18/e0024918_12494287.jpg,
e0024918_12494298.jpg,https://pds.exblog.jp/pds/1/200802/16/18/e0024918_12494298.jpg,
e0024918_1591268.jpg,https://pds.exblog.jp/pds/1/200802/16/18/e0024918_1591268.jpg,
e0024918_1591240.jpg,https://pds.exblog.jp/pds/1/200802/16/18/e0024918_1591240.jpg,
e0024918_634252.jpg,https://pds.exblog.jp/pds/1/200802/20/18/e0024918_634252.jpg,
e0024918_7145917.jpg,https://pds.exblog.jp/pds/1/200802/20/18/e0024918_7145917.jpg,
e0024918_825837.jpg,https://pds.exblog.jp/pds/1/200802/21/18/e0024918_825837.jpg,
e0024918_8153385.jpg,https://pds.exblog.jp/pds/1/200802/21/18/e0024918_8153385.jpg,
e0024918_1463323.jpg,https://pds.exblog.jp/pds/1/200802/21/18/e0024918_1463323.jpg,
e0024918_1210569.jpg,https://pds.exblog.jp/pds/1/200802/23/18/e0024918_1210569.jpg,
e0024918_12105621.jpg,https://pds.exblog.jp/pds/1/200802/23/18/e0024918_12105621.jpg,
e0024918_15125567.jpg,https://pds.exblog.jp/pds/1/200802/25/18/e0024918_15125567.jpg,
e0024918_0322418.jpg,https://pds.exblog.jp/pds/1/200802/28/18/e0024918_0322418.jpg,
e0024918_0322526.jpg,https://pds.exblog.jp/pds/1/200802/28/18/e0024918_0322526.jpg,
e0024918_22184885.jpg,https://pds.exblog.jp/pds/1/200803/09/18/e0024918_22184885.jpg,
e0024918_0322548.jpg,https://pds.exblog.jp/pds/1/200802/28/18/e0024918_0322548.jpg,
e0024918_1943213.jpg,https://pds.exblog.jp/pds/1/200802/28/18/e0024918_1943213.jpg,
e0024918_1943272.jpg,https://pds.exblog.jp/pds/1/200802/28/18/e0024918_1943272.jpg,
e0024918_17245460.gif,https://pds.exblog.jp/pds/1/200803/01/18/e0024918_17245460.gif,
e0024918_17254046.gif,https://pds.exblog.jp/pds/1/200803/01/18/e0024918_17254046.gif,
e0024918_17263478.gif,https://pds.exblog.jp/pds/1/200803/01/18/e0024918_17263478.gif,
e0024918_17273998.gif,https://pds.exblog.jp/pds/1/200803/01/18/e0024918_17273998.gif,
e0024918_18121729.gif,https://pds.exblog.jp/pds/1/200803/01/18/e0024918_18121729.gif,
e0024918_18131466.gif,https://pds.exblog.jp/pds/1/200803/01/18/e0024918_18131466.gif,
e0024918_12432073.jpg,https://pds.exblog.jp/pds/1/200803/02/18/e0024918_12432073.jpg,
e0024918_12432084.jpg,https://pds.exblog.jp/pds/1/200803/02/18/e0024918_12432084.jpg,
e0024918_12432096.jpg,https://pds.exblog.jp/pds/1/200803/02/18/e0024918_12432096.jpg,
e0024918_12432078.jpg,https://pds.exblog.jp/pds/1/200803/02/18/e0024918_12432078.jpg,
e0024918_1243207.jpg,https://pds.exblog.jp/pds/1/200803/02/18/e0024918_1243207.jpg,
e0024918_12432072.jpg,https://pds.exblog.jp/pds/1/200803/02/18/e0024918_12432072.jpg,
e0024918_0325035.gif,https://pds.exblog.jp/pds/1/200803/03/18/e0024918_0325035.gif,
e0024918_0415887.gif,https://pds.exblog.jp/pds/1/200803/03/18/e0024918_0415887.gif,
e0024918_133043.gif,https://pds.exblog.jp/pds/1/200803/03/18/e0024918_133043.gif,
e0024918_893639.jpg,https://pds.exblog.jp/pds/1/200803/07/18/e0024918_893639.jpg,
e0024918_1325887.jpg,https://pds.exblog.jp/pds/1/200803/07/18/e0024918_1325887.jpg,
e0024918_1325833.jpg,https://pds.exblog.jp/pds/1/200803/07/18/e0024918_1325833.jpg,
e0024918_1325881.jpg,https://pds.exblog.jp/pds/1/200803/07/18/e0024918_1325881.jpg,
e0024918_11284293.jpg,https://pds.exblog.jp/pds/1/200803/07/18/e0024918_11284293.jpg,
e0024918_11284227.jpg,https://pds.exblog.jp/pds/1/200803/07/18/e0024918_11284227.jpg,
e0024918_11284249.jpg,https://pds.exblog.jp/pds/1/200803/07/18/e0024918_11284249.jpg,
e0024918_1128426.jpg,https://pds.exblog.jp/pds/1/200803/07/18/e0024918_1128426.jpg,
e0024918_1763062.jpg,https://pds.exblog.jp/pds/1/200803/08/18/e0024918_1763062.jpg,
e0024918_1763021.jpg,https://pds.exblog.jp/pds/1/200803/08/18/e0024918_1763021.jpg,
e0024918_11285613.jpg,https://pds.exblog.jp/pds/1/200803/09/18/e0024918_11285613.jpg,
e0024918_15392833.jpg,https://pds.exblog.jp/pds/1/200803/09/18/e0024918_15392833.jpg,
e0024918_21575898.jpg,https://pds.exblog.jp/pds/1/200803/09/18/e0024918_21575898.jpg,
e0024918_21575827.jpg,https://pds.exblog.jp/pds/1/200803/09/18/e0024918_21575827.jpg,
e0024918_1334379.jpg,https://pds.exblog.jp/pds/1/200803/14/18/e0024918_1334379.jpg,
e0024918_133437.jpg,https://pds.exblog.jp/pds/1/200803/14/18/e0024918_133437.jpg,
e0024918_1731940.jpg,https://pds.exblog.jp/pds/1/200803/15/18/e0024918_1731940.jpg,
e0024918_1849354.jpg,https://pds.exblog.jp/pds/1/200803/15/18/e0024918_1849354.jpg,
e0024918_1849378.jpg,https://pds.exblog.jp/pds/1/200803/15/18/e0024918_1849378.jpg,
e0024918_22593410.jpg,https://pds.exblog.jp/pds/1/200803/16/18/e0024918_22593410.jpg,
e0024918_032532.jpg,https://pds.exblog.jp/pds/1/200803/18/18/e0024918_032532.jpg,
e0024918_16164954.jpg,https://pds.exblog.jp/pds/1/200803/18/18/e0024918_16164954.jpg,
e0024918_1627826.jpg,https://pds.exblog.jp/pds/1/200803/18/18/e0024918_1627826.jpg,
e0024918_6381636.jpg,https://pds.exblog.jp/pds/1/200803/19/18/e0024918_6381636.jpg,
e0024918_17355616.jpg,https://pds.exblog.jp/pds/1/200803/20/18/e0024918_17355616.jpg,
e0024918_13221669.jpg,https://pds.exblog.jp/pds/1/200803/22/18/e0024918_13221669.jpg,
e0024918_89319.jpg,https://pds.exblog.jp/pds/1/200803/27/18/e0024918_89319.jpg,
e0024918_8144566.jpg,https://pds.exblog.jp/pds/1/200803/27/18/e0024918_8144566.jpg,
e0024918_8175454.jpg,https://pds.exblog.jp/pds/1/200803/27/18/e0024918_8175454.jpg,
e0024918_818437.jpg,https://pds.exblog.jp/pds/1/200803/27/18/e0024918_818437.jpg,
e0024918_8193284.jpg,https://pds.exblog.jp/pds/1/200803/27/18/e0024918_8193284.jpg,
e0024918_7154325.jpg,https://pds.exblog.jp/pds/1/200803/28/18/e0024918_7154325.jpg,
e0024918_021138.jpg,https://pds.exblog.jp/pds/1/200803/29/18/e0024918_021138.jpg,
e0024918_835884.jpg,https://pds.exblog.jp/pds/1/200803/29/18/e0024918_835884.jpg,
e0024918_15484845.jpg,https://pds.exblog.jp/pds/1/200803/31/18/e0024918_15484845.jpg,
e0024918_6463775.jpg,https://pds.exblog.jp/pds/1/200804/01/18/e0024918_6463775.jpg,
e0024918_127582.jpg,https://pds.exblog.jp/pds/1/200804/01/18/e0024918_127582.jpg,
e0024918_1284897.jpg,https://pds.exblog.jp/pds/1/200804/01/18/e0024918_1284897.jpg,
e0024918_1292921.jpg,https://pds.exblog.jp/pds/1/200804/01/18/e0024918_1292921.jpg,
e0024918_1210638.jpg,https://pds.exblog.jp/pds/1/200804/01/18/e0024918_1210638.jpg,
e0024918_1212541.jpg,https://pds.exblog.jp/pds/1/200804/01/18/e0024918_1212541.jpg,
e0024918_12135395.jpg,https://pds.exblog.jp/pds/1/200804/01/18/e0024918_12135395.jpg,
e0024918_111267.jpg,https://pds.exblog.jp/pds/1/200804/02/18/e0024918_111267.jpg,
e0024918_11124754.jpg,https://pds.exblog.jp/pds/1/200804/02/18/e0024918_11124754.jpg,
e0024918_1116385.jpg,https://pds.exblog.jp/pds/1/200804/02/18/e0024918_1116385.jpg,
e0024918_11173423.jpg,https://pds.exblog.jp/pds/1/200804/02/18/e0024918_11173423.jpg,
e0024918_1121103.jpg,https://pds.exblog.jp/pds/1/200804/02/18/e0024918_1121103.jpg,
e0024918_17294874.jpg,https://pds.exblog.jp/pds/1/200804/02/18/e0024918_17294874.jpg,
e0024918_172741100.jpg,https://pds.exblog.jp/pds/1/200804/02/18/e0024918_172741100.jpg,
e0024918_1731072.jpg,https://pds.exblog.jp/pds/1/200804/02/18/e0024918_1731072.jpg,
e0024918_23333168.jpg,https://pds.exblog.jp/pds/1/200804/03/18/e0024918_23333168.jpg,
e0024918_23342163.jpg,https://pds.exblog.jp/pds/1/200804/03/18/e0024918_23342163.jpg,
e0024918_2335272.jpg,https://pds.exblog.jp/pds/1/200804/03/18/e0024918_2335272.jpg,
e0024918_23373214.jpg,https://pds.exblog.jp/pds/1/200804/03/18/e0024918_23373214.jpg,
e0024918_23393270.jpg,https://pds.exblog.jp/pds/1/200804/03/18/e0024918_23393270.jpg,
e0024918_23452425.jpg,https://pds.exblog.jp/pds/1/200804/03/18/e0024918_23452425.jpg,
e0024918_23584247.jpg,https://pds.exblog.jp/pds/1/200804/03/18/e0024918_23584247.jpg,
e0024918_1102765.jpg,https://pds.exblog.jp/pds/1/200804/05/18/e0024918_1102765.jpg,
e0024918_1175256.jpg,https://pds.exblog.jp/pds/1/200804/05/18/e0024918_1175256.jpg,
e0024918_23411989.jpg,https://pds.exblog.jp/pds/1/200804/05/18/e0024918_23411989.jpg,
e0024918_23422245.jpg,https://pds.exblog.jp/pds/1/200804/05/18/e0024918_23422245.jpg,
e0024918_2343080.jpg,https://pds.exblog.jp/pds/1/200804/05/18/e0024918_2343080.jpg,
e0024918_23444182.jpg,https://pds.exblog.jp/pds/1/200804/05/18/e0024918_23444182.jpg,
e0024918_7511834.jpg,https://pds.exblog.jp/pds/1/200804/08/18/e0024918_7511834.jpg,
e0024918_7523177.jpg,https://pds.exblog.jp/pds/1/200804/08/18/e0024918_7523177.jpg,
e0024918_039538.jpg,https://pds.exblog.jp/pds/1/200804/10/18/e0024918_039538.jpg,
e0024918_03953100.jpg,https://pds.exblog.jp/pds/1/200804/10/18/e0024918_03953100.jpg,
e0024918_0403338.jpg,https://pds.exblog.jp/pds/1/200804/10/18/e0024918_0403338.jpg,
e0024918_0452818.jpg,https://pds.exblog.jp/pds/1/200804/10/18/e0024918_0452818.jpg,
e0024918_048422.jpg,https://pds.exblog.jp/pds/1/200804/10/18/e0024918_048422.jpg,
e0024918_0501469.jpg,https://pds.exblog.jp/pds/1/200804/10/18/e0024918_0501469.jpg,
e0024918_22591580.jpg,https://pds.exblog.jp/pds/1/200804/13/18/e0024918_22591580.jpg,
e0024918_22583648.jpg,https://pds.exblog.jp/pds/1/200804/13/18/e0024918_22583648.jpg,
e0024918_22594953.jpg,https://pds.exblog.jp/pds/1/200804/13/18/e0024918_22594953.jpg,
e0024918_2301465.jpg,https://pds.exblog.jp/pds/1/200804/13/18/e0024918_2301465.jpg,
e0024918_2312646.jpg,https://pds.exblog.jp/pds/1/200804/13/18/e0024918_2312646.jpg,
e0024918_1302411.jpg,https://pds.exblog.jp/pds/1/200804/14/18/e0024918_1302411.jpg,
e0024918_1304719.jpg,https://pds.exblog.jp/pds/1/200804/14/18/e0024918_1304719.jpg,
e0024918_130621.jpg,https://pds.exblog.jp/pds/1/200804/14/18/e0024918_130621.jpg,
e0024918_16402098.jpg,https://pds.exblog.jp/pds/1/200804/14/18/e0024918_16402098.jpg,
e0024918_16405513.jpg,https://pds.exblog.jp/pds/1/200804/14/18/e0024918_16405513.jpg,
e0024918_16423776.jpg,https://pds.exblog.jp/pds/1/200804/14/18/e0024918_16423776.jpg,
e0024918_16432530.jpg,https://pds.exblog.jp/pds/1/200804/14/18/e0024918_16432530.jpg,
e0024918_853121.jpg,https://pds.exblog.jp/pds/1/200804/15/18/e0024918_853121.jpg,
e0024918_8261783.jpg,https://pds.exblog.jp/pds/1/200804/15/18/e0024918_8261783.jpg,
e0024918_8263659.jpg,https://pds.exblog.jp/pds/1/200804/15/18/e0024918_8263659.jpg,
e0024918_8264594.jpg,https://pds.exblog.jp/pds/1/200804/15/18/e0024918_8264594.jpg,
e0024918_8265438.jpg,https://pds.exblog.jp/pds/1/200804/15/18/e0024918_8265438.jpg,
e0024918_827386.jpg,https://pds.exblog.jp/pds/1/200804/15/18/e0024918_827386.jpg,
e0024918_10563732.jpg,https://pds.exblog.jp/pds/1/200804/16/18/e0024918_10563732.jpg,
e0024918_2023466.jpg,https://pds.exblog.jp/pds/1/200804/17/18/e0024918_2023466.jpg,
e0024918_7561074.jpg,https://pds.exblog.jp/pds/1/200804/18/18/e0024918_7561074.jpg,
e0024918_15441235.jpg,https://pds.exblog.jp/pds/1/200804/18/18/e0024918_15441235.jpg,
e0024918_19541435.jpg,https://pds.exblog.jp/pds/1/200804/19/18/e0024918_19541435.jpg,
e0024918_19555158.jpg,https://pds.exblog.jp/pds/1/200804/19/18/e0024918_19555158.jpg,
e0024918_7224927.jpg,https://pds.exblog.jp/pds/1/200804/22/18/e0024918_7224927.jpg,
e0024918_7265295.jpg,https://pds.exblog.jp/pds/1/200804/22/18/e0024918_7265295.jpg,
e0024918_727683.jpg,https://pds.exblog.jp/pds/1/200804/22/18/e0024918_727683.jpg,
e0024918_7271854.jpg,https://pds.exblog.jp/pds/1/200804/22/18/e0024918_7271854.jpg,
e0024918_7411717.jpg,https://pds.exblog.jp/pds/1/200804/22/18/e0024918_7411717.jpg,
e0024918_8597.jpg,https://pds.exblog.jp/pds/1/200804/24/18/e0024918_8597.jpg,
e0024918_81486.jpg,https://pds.exblog.jp/pds/1/200804/24/18/e0024918_81486.jpg,
e0024918_82092.jpg,https://pds.exblog.jp/pds/1/200804/24/18/e0024918_82092.jpg,
e0024918_821249.jpg,https://pds.exblog.jp/pds/1/200804/24/18/e0024918_821249.jpg,
e0024918_811942.jpg,https://pds.exblog.jp/pds/1/200804/24/18/e0024918_811942.jpg,
e0024918_813237.jpg,https://pds.exblog.jp/pds/1/200804/24/18/e0024918_813237.jpg,
e0024918_18194812.jpg,https://pds.exblog.jp/pds/1/200804/24/18/e0024918_18194812.jpg,
e0024918_19511054.jpg,https://pds.exblog.jp/pds/1/200804/24/18/e0024918_19511054.jpg,
e0024918_23423497.jpg,https://pds.exblog.jp/pds/1/200804/26/18/e0024918_23423497.jpg,
e0024918_22224748.jpg,https://pds.exblog.jp/pds/1/200805/03/18/e0024918_22224748.jpg,
e0024918_840375.jpg,https://pds.exblog.jp/pds/1/200805/04/18/e0024918_840375.jpg,
e0024918_7341456.jpg,https://pds.exblog.jp/pds/1/200805/11/18/e0024918_7341456.jpg,
e0024918_734379.jpg,https://pds.exblog.jp/pds/1/200805/11/18/e0024918_734379.jpg,
e0024918_1085076.jpg,https://pds.exblog.jp/pds/1/200805/23/18/e0024918_1085076.jpg,
e0024918_109348.jpg,https://pds.exblog.jp/pds/1/200805/23/18/e0024918_109348.jpg,
e0024918_1091752.jpg,https://pds.exblog.jp/pds/1/200805/23/18/e0024918_1091752.jpg,
e0024918_1093389.jpg,https://pds.exblog.jp/pds/1/200805/23/18/e0024918_1093389.jpg,
e0024918_1561248.jpg,https://pds.exblog.jp/pds/1/200805/25/18/e0024918_1561248.jpg,
e0024918_1521961.jpg,https://pds.exblog.jp/pds/1/200805/25/18/e0024918_1521961.jpg,
e0024918_1523928.jpg,https://pds.exblog.jp/pds/1/200805/25/18/e0024918_1523928.jpg,
e0024918_17205935.jpg,https://pds.exblog.jp/pds/1/200805/25/18/e0024918_17205935.jpg,
e0024918_1721244.jpg,https://pds.exblog.jp/pds/1/200805/25/18/e0024918_1721244.jpg,
e0024918_17215155.jpg,https://pds.exblog.jp/pds/1/200805/25/18/e0024918_17215155.jpg,
e0024918_17223639.jpg,https://pds.exblog.jp/pds/1/200805/25/18/e0024918_17223639.jpg,
e0024918_17524387.jpg,https://pds.exblog.jp/pds/1/200805/25/18/e0024918_17524387.jpg,
e0024918_17533449.jpg,https://pds.exblog.jp/pds/1/200805/25/18/e0024918_17533449.jpg,
e0024918_1802941.jpg,https://pds.exblog.jp/pds/1/200805/25/18/e0024918_1802941.jpg,
e0024918_17595973.jpg,https://pds.exblog.jp/pds/1/200805/25/18/e0024918_17595973.jpg,
e0024918_16373295.jpg,https://pds.exblog.jp/pds/1/200805/27/18/e0024918_16373295.jpg,
e0024918_6451542.jpg,https://pds.exblog.jp/pds/1/200806/11/18/e0024918_6451542.jpg,
e0024918_109997.jpg,https://pds.exblog.jp/pds/1/200807/05/18/e0024918_109997.jpg,
e0024918_7435675.jpg,https://pds.exblog.jp/pds/1/200807/28/18/e0024918_7435675.jpg,
e0024918_74459.jpg,https://pds.exblog.jp/pds/1/200807/28/18/e0024918_74459.jpg,
e0024918_7441691.jpg,https://pds.exblog.jp/pds/1/200807/28/18/e0024918_7441691.jpg,
e0024918_9215458.jpg,https://pds.exblog.jp/pds/1/200808/08/18/e0024918_9215458.jpg,
e0024918_801868.jpg,https://pds.exblog.jp/pds/1/200808/25/18/e0024918_801868.jpg,
e0024918_81227.jpg,https://pds.exblog.jp/pds/1/200808/25/18/e0024918_81227.jpg,
e0024918_756410.jpg,https://pds.exblog.jp/pds/1/200808/25/18/e0024918_756410.jpg,
e0024918_757458.jpg,https://pds.exblog.jp/pds/1/200808/25/18/e0024918_757458.jpg,
e0024918_7595360.jpg,https://pds.exblog.jp/pds/1/200808/25/18/e0024918_7595360.jpg,
e0024918_921717.jpg,https://pds.exblog.jp/pds/1/200809/05/18/e0024918_921717.jpg,
e0024918_18465671.jpg,https://pds.exblog.jp/pds/1/200809/11/18/e0024918_18465671.jpg,
e0024918_6263617.jpg,https://pds.exblog.jp/pds/1/200809/17/18/e0024918_6263617.jpg,
e0024918_16244111.jpg,https://pds.exblog.jp/pds/1/200809/22/18/e0024918_16244111.jpg,
e0024918_1354949.jpg,https://pds.exblog.jp/pds/1/200809/28/18/e0024918_1354949.jpg,
e0024918_13544547.jpg,https://pds.exblog.jp/pds/1/200809/28/18/e0024918_13544547.jpg,
e0024918_102375.jpg,https://pds.exblog.jp/pds/1/200810/08/18/e0024918_102375.jpg,
e0024918_1033713.jpg,https://pds.exblog.jp/pds/1/200810/08/18/e0024918_1033713.jpg,
e0024918_18563568.jpg,https://pds.exblog.jp/pds/1/200810/09/18/e0024918_18563568.jpg,
e0024918_1321273.jpg,https://pds.exblog.jp/pds/1/200810/18/18/e0024918_1321273.jpg,
e0024918_1802654.jpg,https://pds.exblog.jp/pds/1/200810/18/18/e0024918_1802654.jpg,
e0024918_9471124.jpg,https://pds.exblog.jp/pds/1/200810/19/18/e0024918_9471124.jpg,
e0024918_10543528.jpg,https://pds.exblog.jp/pds/1/200810/19/18/e0024918_10543528.jpg,
e0024918_1714480.jpg,https://pds.exblog.jp/pds/1/200810/19/18/e0024918_1714480.jpg,
e0024918_17233867.jpg,https://pds.exblog.jp/pds/1/200810/19/18/e0024918_17233867.jpg,
e0024918_17523110.jpg,https://pds.exblog.jp/pds/1/200810/19/18/e0024918_17523110.jpg,
e0024918_0103623.jpg,https://pds.exblog.jp/pds/1/200810/20/18/e0024918_0103623.jpg,
e0024918_8203766.jpg,https://pds.exblog.jp/pds/1/200810/22/18/e0024918_8203766.jpg,
e0024918_13562290.jpg,https://pds.exblog.jp/pds/1/200810/22/18/e0024918_13562290.jpg,
e0024918_1748716.jpg,https://pds.exblog.jp/pds/1/200810/25/18/e0024918_1748716.jpg,
DSC_9631.JPG,http://club.jig.jp/taisuke/photo/ec2008/DSC_9631.JPG,
DSC_9540.JPG,http://club.jig.jp/taisuke/photo/ec2008/DSC_9540.JPG,
DSC_9647.JPG,http://club.jig.jp/taisuke/photo/ec2008/DSC_9647.JPG,
DSC_9648.JPG,http://club.jig.jp/taisuke/photo/ec2008/DSC_9648.JPG,
DSC_9668.JPG,http://club.jig.jp/taisuke/photo/ec2008/DSC_9668.JPG,
DSC_9683.JPG,http://club.jig.jp/taisuke/photo/ec2008/DSC_9683.JPG,
DSC_9671.JPG,http://club.jig.jp/taisuke/photo/ec2008/DSC_9671.JPG,
DSC_9713.JPG,http://club.jig.jp/taisuke/photo/ec2008/DSC_9713.JPG,
DSC_9719.JPG,http://club.jig.jp/taisuke/photo/ec2008/DSC_9719.JPG,
DSC_9715.JPG,http://club.jig.jp/taisuke/photo/ec2008/DSC_9715.JPG,
DSC_9681.JPG,http://club.jig.jp/taisuke/photo/ec2008/DSC_9681.JPG,
DSC_9691.JPG,http://club.jig.jp/taisuke/photo/ec2008/DSC_9691.JPG,
DSC_9669.JPG,http://club.jig.jp/taisuke/photo/ec2008/DSC_9669.JPG,
e0024918_0135138.jpg,https://pds.exblog.jp/pds/1/200811/10/18/e0024918_0135138.jpg,
e0024918_19235348.jpg,https://pds.exblog.jp/pds/1/200811/16/18/e0024918_19235348.jpg,
e0024918_1492974.jpg,https://pds.exblog.jp/pds/1/200811/22/18/e0024918_1492974.jpg,
e0024918_1505979.jpg,https://pds.exblog.jp/pds/1/200811/22/18/e0024918_1505979.jpg,
e0024918_10543252.jpg,https://pds.exblog.jp/pds/1/200811/29/18/e0024918_10543252.jpg,
e0024918_10545151.jpg,https://pds.exblog.jp/pds/1/200811/29/18/e0024918_10545151.jpg,
e0024918_1059302.jpg,https://pds.exblog.jp/pds/1/200811/29/18/e0024918_1059302.jpg,
e0024918_9551039.jpg,https://pds.exblog.jp/pds/1/200812/05/18/e0024918_9551039.jpg,
e0024918_9513764.jpg,https://pds.exblog.jp/pds/1/200812/05/18/e0024918_9513764.jpg,
e0024918_7435675.jpg,https://pds.exblog.jp/pds/1/200807/28/18/e0024918_7435675.jpg,
e0024918_21553564.jpg,https://pds.exblog.jp/pds/1/200812/31/18/e0024918_21553564.jpg,
e0024918_10344416.jpg,https://pds.exblog.jp/pds/1/200901/03/18/e0024918_10344416.jpg,
e0024918_1251312.jpg,https://pds.exblog.jp/pds/1/200901/16/18/e0024918_1251312.jpg,
e0024918_1412455.jpg,https://pds.exblog.jp/pds/1/200901/21/18/e0024918_1412455.jpg,
e0024918_1322348.jpg,https://pds.exblog.jp/pds/1/200901/23/18/e0024918_1322348.jpg,
e0024918_19201659.jpg,https://pds.exblog.jp/pds/1/200902/17/18/e0024918_19201659.jpg,
e0024918_920641.jpg,https://pds.exblog.jp/pds/1/200902/28/18/e0024918_920641.jpg,
e0024918_936373.jpg,https://pds.exblog.jp/pds/1/200904/01/18/e0024918_936373.jpg,
e0024918_11362239.jpg,https://pds.exblog.jp/pds/1/200904/01/18/e0024918_11362239.jpg,
e0024918_9592473.jpg,https://pds.exblog.jp/pds/1/200905/03/18/e0024918_9592473.jpg,
e0024918_10231947.jpg,https://pds.exblog.jp/pds/1/200906/14/18/e0024918_10231947.jpg,
DSC_7492.jpg,http://club.jig.jp/taisuke/photo/20090614/DSC_7492.jpg,
DSC_7496.jpg,http://club.jig.jp/taisuke/photo/20090614/DSC_7496.jpg,
DSC_7515.jpg,http://club.jig.jp/taisuke/photo/20090614/DSC_7515.jpg,
DSC_7514.jpg,http://club.jig.jp/taisuke/photo/20090614/DSC_7514.jpg,
DSC_7609.jpg,http://club.jig.jp/taisuke/photo/20090614/DSC_7609.jpg,
DSC_7534.jpg,http://club.jig.jp/taisuke/photo/20090614/DSC_7534.jpg,
DSC_7599.jpg,http://club.jig.jp/taisuke/photo/20090614/DSC_7599.jpg,
e0024918_10165935.jpg,https://pds.exblog.jp/pds/1/200906/21/18/e0024918_10165935.jpg,
e0024918_1036466.jpg,https://pds.exblog.jp/pds/1/200906/27/18/e0024918_1036466.jpg,
e0024918_10381728.jpg,https://pds.exblog.jp/pds/1/200906/27/18/e0024918_10381728.jpg,
e0024918_21543474.jpg,https://pds.exblog.jp/pds/1/200906/27/18/e0024918_21543474.jpg,
e0024918_2312488.jpg,https://pds.exblog.jp/pds/1/200906/27/18/e0024918_2312488.jpg,
e0024918_21494976.jpg,https://pds.exblog.jp/pds/1/200907/04/18/e0024918_21494976.jpg,
e0024918_2157341.jpg,https://pds.exblog.jp/pds/1/200907/04/18/e0024918_2157341.jpg,
e0024918_7122351.jpg,https://pds.exblog.jp/pds/1/200907/05/18/e0024918_7122351.jpg,
e0024918_7122340.jpg,https://pds.exblog.jp/pds/1/200907/05/18/e0024918_7122340.jpg,
e0024918_7171334.jpg,https://pds.exblog.jp/pds/1/200907/05/18/e0024918_7171334.jpg,
e0024918_7171395.jpg,https://pds.exblog.jp/pds/1/200907/05/18/e0024918_7171395.jpg,
e0024918_7171387.jpg,https://pds.exblog.jp/pds/1/200907/05/18/e0024918_7171387.jpg,
e0024918_7335583.jpg,https://pds.exblog.jp/pds/1/200907/05/18/e0024918_7335583.jpg,
e0024918_9171133.jpg,https://pds.exblog.jp/pds/1/200907/12/18/e0024918_9171133.jpg,
e0024918_15231954.jpg,https://pds.exblog.jp/pds/1/200907/20/18/e0024918_15231954.jpg,
e0024918_15263497.jpg,https://pds.exblog.jp/pds/1/200907/20/18/e0024918_15263497.jpg,
e0024918_15261758.jpg,https://pds.exblog.jp/pds/1/200907/20/18/e0024918_15261758.jpg,
e0024918_15262727.jpg,https://pds.exblog.jp/pds/1/200907/20/18/e0024918_15262727.jpg,
e0024918_144544.jpg,https://pds.exblog.jp/pds/1/200908/02/18/e0024918_144544.jpg,
e0024918_13424035.jpg,https://pds.exblog.jp/pds/1/200908/09/18/e0024918_13424035.jpg,
e0024918_13424026.jpg,https://pds.exblog.jp/pds/1/200908/09/18/e0024918_13424026.jpg,
e0024918_22381974.jpg,https://pds.exblog.jp/pds/1/200908/11/18/e0024918_22381974.jpg,
e0024918_20564153.gif,https://pds.exblog.jp/pds/1/200908/12/18/e0024918_20564153.gif,
e0024918_065098.jpg,https://pds.exblog.jp/pds/1/200908/17/18/e0024918_065098.jpg,
e0024918_943767.jpg,https://pds.exblog.jp/pds/1/200908/25/18/e0024918_943767.jpg,
e0024918_1033021.jpg,https://pds.exblog.jp/pds/1/200908/29/18/e0024918_1033021.jpg,
e0024918_1033085.jpg,https://pds.exblog.jp/pds/1/200908/29/18/e0024918_1033085.jpg,
e0024918_8324292.jpg,https://pds.exblog.jp/pds/1/200909/09/18/e0024918_8324292.jpg,
e0024918_8325325.jpg,https://pds.exblog.jp/pds/1/200909/09/18/e0024918_8325325.jpg,
e0024918_8361641.jpg,https://pds.exblog.jp/pds/1/200909/09/18/e0024918_8361641.jpg,
e0024918_23353284.jpg,https://pds.exblog.jp/pds/1/200909/14/18/e0024918_23353284.jpg,
e0024918_11522652.jpg,https://pds.exblog.jp/pds/1/200909/20/18/e0024918_11522652.jpg,
DSC_6867.JPG?size=300,http://fukuno.jig.jp/img-service/bcontest-20091009/DSC_6867.JPG?size=300,
DSC_6870.JPG?size=300,http://fukuno.jig.jp/img-service/bcontest-20091009/DSC_6870.JPG?size=300,
DSC_6872.JPG?size=300,http://fukuno.jig.jp/img-service/bcontest-20091009/DSC_6872.JPG?size=300,
DSC_6878.JPG?size=300,http://fukuno.jig.jp/img-service/bcontest-20091009/DSC_6878.JPG?size=300,
DSC_6899.JPG?size=300,http://fukuno.jig.jp/img-service/bcontest-20091009/DSC_6899.JPG?size=300,
DSC_6731.JPG?size=300,http://fukuno.jig.jp/img-service/bcontest-20091009/DSC_6731.JPG?size=300,
e0024918_1485326.jpg,https://pds.exblog.jp/pds/1/200910/11/18/e0024918_1485326.jpg,
DSC_8026.JPG?size=500,http://fukuno.jig.jp/img-service/procon-20091017/DSC_8026.JPG?size=500,
DSC_8027.JPG?size=550,http://fukuno.jig.jp/img-service/procon-20091017/DSC_8027.JPG?size=550,
DSC_8028.JPG?size=500,http://fukuno.jig.jp/img-service/procon-20091017/DSC_8028.JPG?size=500,
DSC_8731.JPG?size=500,http://fukuno.jig.jp/img-service/sabae-syoten-091003/DSC_8731.JPG?size=500,
e0024918_1235478.jpg,https://pds.exblog.jp/pds/1/200912/21/18/e0024918_1235478.jpg,
e0024918_18521694.jpg,https://pds.exblog.jp/pds/1/201001/16/18/e0024918_18521694.jpg,
e0024918_15573424.jpg,https://pds.exblog.jp/pds/1/201001/21/18/e0024918_15573424.jpg,
e0024918_15572215.jpg,https://pds.exblog.jp/pds/1/201001/21/18/e0024918_15572215.jpg,
e0024918_15571318.jpg,https://pds.exblog.jp/pds/1/201001/21/18/e0024918_15571318.jpg,
DSC_4825.JPG?size=500,http://fukuno.jig.jp/img-service/GGJ2010/DSC_4825.JPG?size=500,
DSC_4840.JPG?size=500,http://fukuno.jig.jp/img-service/GGJ2010/DSC_4840.JPG?size=500,
DSC_4841.JPG?size=500,http://fukuno.jig.jp/img-service/GGJ2010/DSC_4841.JPG?size=500,
DSC_4907.JPG?size=500,http://fukuno.jig.jp/img-service/GGJ2010/DSC_4907.JPG?size=500,
DSC_4941.JPG?size=500,http://fukuno.jig.jp/img-service/GGJ2010/DSC_4941.JPG?size=500,
e0024918_9434330.jpg,https://pds.exblog.jp/pds/1/201002/21/18/e0024918_9434330.jpg,
